,STATION,SCORE,zip_code,TRAFFIC_RANK,PUBLIC_TRANS_RANK,200K_RANK
6,FULTON ST,68.2,11217.0,75,75,41
4,23 ST,67.2,10011.0,77,43,62
8,86 ST,66.6,10028.0,73,54,60
10,59 ST COLUMBUS,65.2,10023.0,71,49,64
5,14 ST-UNION SQ,63.2,10003.0,76,34,54
14,96 ST,61.599999999999994,10025.0,68,65,39
9,125 ST,61.0,10027.0,72,61,28
0,34 ST-PENN STA,60.400000000000006,10001.0,81,16,43
15,PATH NEW WTC,60.39999999999999,10007.0,67,22,79
11,CANAL ST,59.8,10013.0,70,20,69
